<?xml version="1.0"?>
<!--<!DOCTYPE metadata SYSTEM "http://www.esri.com/metadata/esriprof80.dtd">-->
<metadata xml:lang="en"><Esri><CreaDate>20160726</CreaDate><CreaTime>06090400</CreaTime><SyncOnce>FALSE</SyncOnce><ArcGISFormat>1.0</ArcGISFormat><SyncDate>20140805</SyncDate><SyncTime>10535000</SyncTime><ModDate>20140805</ModDate><ModTime>10535000</ModTime><DataProperties><lineage><Process ToolSource="C:\Program Files (x86)\ArcGIS\ArcToolbox\Toolboxes\Conversion Tools.tbx\FeatureClassToFeatureClass" Date="20140624" Time="145759">FeatureClassToFeatureClass "Z:\CORGIS\USERS\Hector R\General_Plan_2030_LU_Map\GPLU_May14\GeneralPlan2030_FIN6.shp" "Database Connections\GISAdmin@CORGIS@gis02.sde" GenPlan2030_LandUse_MOD # "GIS_Area 'GIS_Area' true true false 19 Double 8 18 ,First,#,Z:\CORGIS\USERS\Hector R\General_Plan_2030_LU_Map\GPLU_May14\GeneralPlan2030_FIN6.shp,GIS_Area,-1,-1;APN 'APN' true true false 9 Text 0 0 ,First,#,Z:\CORGIS\USERS\Hector R\General_Plan_2030_LU_Map\GPLU_May14\GeneralPlan2030_FIN6.shp,APN,-1,-1;TRA 'TRA' true true false 5 Text 0 0 ,First,#,Z:\CORGIS\USERS\Hector R\General_Plan_2030_LU_Map\GPLU_May14\GeneralPlan2030_FIN6.shp,TRA,-1,-1;P_OWNER_NM 'P_OWNER_NM' true true false 30 Text 0 0 ,First,#,Z:\CORGIS\USERS\Hector R\General_Plan_2030_LU_Map\GPLU_May14\GeneralPlan2030_FIN6.shp,P_OWNER_NM,-1,-1;OWN_NM_2ND 'OWN_NM_2ND' true true false 30 Text 0 0 ,First,#,Z:\CORGIS\USERS\Hector R\General_Plan_2030_LU_Map\GPLU_May14\GeneralPlan2030_FIN6.shp,OWN_NM_2ND,-1,-1;DESC_ 'DESC_' true true false 45 Text 0 0 ,First,#,Z:\CORGIS\USERS\Hector R\General_Plan_2030_LU_Map\GPLU_May14\GeneralPlan2030_FIN6.shp,DESC_,-1,-1;ACREAGE 'ACREAGE' true true false 19 Double 8 18 ,First,#,Z:\CORGIS\USERS\Hector R\General_Plan_2030_LU_Map\GPLU_May14\GeneralPlan2030_FIN6.shp,ACREAGE,-1,-1;LAND_VALUE 'LAND_VALUE' true true false 19 Double 8 18 ,First,#,Z:\CORGIS\USERS\Hector R\General_Plan_2030_LU_Map\GPLU_May14\GeneralPlan2030_FIN6.shp,LAND_VALUE,-1,-1;IMP_VAL 'IMP_VAL' true true false 19 Double 8 18 ,First,#,Z:\CORGIS\USERS\Hector R\General_Plan_2030_LU_Map\GPLU_May14\GeneralPlan2030_FIN6.shp,IMP_VAL,-1,-1;ASSD_VAL 'ASSD_VAL' true true false 19 Double 8 18 ,First,#,Z:\CORGIS\USERS\Hector R\General_Plan_2030_LU_Map\GPLU_May14\GeneralPlan2030_FIN6.shp,ASSD_VAL,-1,-1;USECODE 'USECODE' true true false 4 Text 0 0 ,First,#,Z:\CORGIS\USERS\Hector R\General_Plan_2030_LU_Map\GPLU_May14\GeneralPlan2030_FIN6.shp,USECODE,-1,-1;USE_CODE_D 'USE_CODE_D' true true false 120 Text 0 0 ,First,#,Z:\CORGIS\USERS\Hector R\General_Plan_2030_LU_Map\GPLU_May14\GeneralPlan2030_FIN6.shp,USE_CODE_D,-1,-1;S_ADDRESS 'S_ADDRESS' true true false 60 Text 0 0 ,First,#,Z:\CORGIS\USERS\Hector R\General_Plan_2030_LU_Map\GPLU_May14\GeneralPlan2030_FIN6.shp,S_ADDRESS,-1,-1;N_ADDRESS 'N_ADDRESS' true true false 60 Text 0 0 ,First,#,Z:\CORGIS\USERS\Hector R\General_Plan_2030_LU_Map\GPLU_May14\GeneralPlan2030_FIN6.shp,N_ADDRESS,-1,-1;Acres 'Acres' true true false 19 Double 0 0 ,First,#,Z:\CORGIS\USERS\Hector R\General_Plan_2030_LU_Map\GPLU_May14\GeneralPlan2030_FIN6.shp,Acres,-1,-1;PREF_ALT 'PREF_ALT' true true false 10 Text 0 0 ,First,#,Z:\CORGIS\USERS\Hector R\General_Plan_2030_LU_Map\GPLU_May14\GeneralPlan2030_FIN6.shp,PREF_ALT,-1,-1;Calc_Acres 'Calc_Acres' true true false 13 Float 0 0 ,First,#,Z:\CORGIS\USERS\Hector R\General_Plan_2030_LU_Map\GPLU_May14\GeneralPlan2030_FIN6.shp,Calc_Acres,-1,-1;Shape_Leng 'Shape_Leng' true true false 19 Double 0 0 ,First,#,Z:\CORGIS\USERS\Hector R\General_Plan_2030_LU_Map\GPLU_May14\GeneralPlan2030_FIN6.shp,Shape_Leng,-1,-1;Shape_Area 'Shape_Area' true true false 19 Double 0 0 ,First,#,Z:\CORGIS\USERS\Hector R\General_Plan_2030_LU_Map\GPLU_May14\GeneralPlan2030_FIN6.shp,Shape_Area,-1,-1;GP_LandUse 'GP_LandUse' true true false 10 Text 0 0 ,First,#,Z:\CORGIS\USERS\Hector R\General_Plan_2030_LU_Map\GPLU_May14\GeneralPlan2030_FIN6.shp,GP_LandUse,-1,-1;Descript 'Descript' true true false 100 Text 0 0 ,First,#,Z:\CORGIS\USERS\Hector R\General_Plan_2030_LU_Map\GPLU_May14\GeneralPlan2030_FIN6.shp,Descript,-1,-1" # "Database Connections\GISAdmin@CORGIS@gis02.sde\CORGIS.GISADMIN.GenPlan2030_LandUse_MOD"</Process><Process ToolSource="C:\Program Files (x86)\ArcGIS\ArcToolbox\Toolboxes\Conversion Tools.tbx\FeatureClassToFeatureClass" Date="20140805" Time="105421">FeatureClassToFeatureClass "Database Connections\GISAdmin@CORGIS@gis02.sde\CORGIS.GISADMIN.GenPlan2030_LandUse" "Y:\My Documents\CORGIS (NEW2)\GISDATA2\GEODB" GenPlan2030_LandUse.shp # "GIS_Area 'GIS_Area' true true false 8 Double 8 19 ,First,#,Database Connections\GISAdmin@CORGIS@gis02.sde\CORGIS.GISADMIN.GenPlan2030_LandUse,GIS_Area,-1,-1;APN 'APN' true true false 9 Text 0 0 ,First,#,Database Connections\GISAdmin@CORGIS@gis02.sde\CORGIS.GISADMIN.GenPlan2030_LandUse,APN,-1,-1;TRA 'TRA' true true false 5 Text 0 0 ,First,#,Database Connections\GISAdmin@CORGIS@gis02.sde\CORGIS.GISADMIN.GenPlan2030_LandUse,TRA,-1,-1;P_OWNER_NM 'P_OWNER_NM' true true false 30 Text 0 0 ,First,#,Database Connections\GISAdmin@CORGIS@gis02.sde\CORGIS.GISADMIN.GenPlan2030_LandUse,P_OWNER_NM,-1,-1;OWN_NM_2ND 'OWN_NM_2ND' true true false 30 Text 0 0 ,First,#,Database Connections\GISAdmin@CORGIS@gis02.sde\CORGIS.GISADMIN.GenPlan2030_LandUse,OWN_NM_2ND,-1,-1;DESC_ 'DESC_' true true false 45 Text 0 0 ,First,#,Database Connections\GISAdmin@CORGIS@gis02.sde\CORGIS.GISADMIN.GenPlan2030_LandUse,DESC_,-1,-1;ACREAGE 'ACREAGE' true true false 8 Double 8 19 ,First,#,Database Connections\GISAdmin@CORGIS@gis02.sde\CORGIS.GISADMIN.GenPlan2030_LandUse,ACREAGE,-1,-1;LAND_VALUE 'LAND_VALUE' true true false 8 Double 8 19 ,First,#,Database Connections\GISAdmin@CORGIS@gis02.sde\CORGIS.GISADMIN.GenPlan2030_LandUse,LAND_VALUE,-1,-1;IMP_VAL 'IMP_VAL' true true false 8 Double 8 19 ,First,#,Database Connections\GISAdmin@CORGIS@gis02.sde\CORGIS.GISADMIN.GenPlan2030_LandUse,IMP_VAL,-1,-1;ASSD_VAL 'ASSD_VAL' true true false 8 Double 8 19 ,First,#,Database Connections\GISAdmin@CORGIS@gis02.sde\CORGIS.GISADMIN.GenPlan2030_LandUse,ASSD_VAL,-1,-1;USECODE 'USECODE' true true false 4 Text 0 0 ,First,#,Database Connections\GISAdmin@CORGIS@gis02.sde\CORGIS.GISADMIN.GenPlan2030_LandUse,USECODE,-1,-1;USE_CODE_D 'USE_CODE_D' true true false 120 Text 0 0 ,First,#,Database Connections\GISAdmin@CORGIS@gis02.sde\CORGIS.GISADMIN.GenPlan2030_LandUse,USE_CODE_D,-1,-1;S_ADDRESS 'S_ADDRESS' true true false 60 Text 0 0 ,First,#,Database Connections\GISAdmin@CORGIS@gis02.sde\CORGIS.GISADMIN.GenPlan2030_LandUse,S_ADDRESS,-1,-1;N_ADDRESS 'N_ADDRESS' true true false 60 Text 0 0 ,First,#,Database Connections\GISAdmin@CORGIS@gis02.sde\CORGIS.GISADMIN.GenPlan2030_LandUse,N_ADDRESS,-1,-1;Acres 'Acres' true true false 8 Double 8 38 ,First,#,Database Connections\GISAdmin@CORGIS@gis02.sde\CORGIS.GISADMIN.GenPlan2030_LandUse,Acres,-1,-1;PREF_ALT 'PREF_ALT' true true false 10 Text 0 0 ,First,#,Database Connections\GISAdmin@CORGIS@gis02.sde\CORGIS.GISADMIN.GenPlan2030_LandUse,PREF_ALT,-1,-1;Calc_Acres 'Calc_Acres' true true false 8 Double 8 38 ,First,#,Database Connections\GISAdmin@CORGIS@gis02.sde\CORGIS.GISADMIN.GenPlan2030_LandUse,Calc_Acres,-1,-1;Shape_Leng 'Shape_Leng' true true false 8 Double 8 38 ,First,#,Database Connections\GISAdmin@CORGIS@gis02.sde\CORGIS.GISADMIN.GenPlan2030_LandUse,Shape_Leng,-1,-1;GP_LandUse 'GP_LandUse' true true false 10 Text 0 0 ,First,#,Database Connections\GISAdmin@CORGIS@gis02.sde\CORGIS.GISADMIN.GenPlan2030_LandUse,GP_LandUse,-1,-1;Descript 'Descript' true true false 100 Text 0 0 ,First,#,Database Connections\GISAdmin@CORGIS@gis02.sde\CORGIS.GISADMIN.GenPlan2030_LandUse,Descript,-1,-1;Shape_area 'Shape_area' false false true 0 Double 0 0 ,First,#,Database Connections\GISAdmin@CORGIS@gis02.sde\CORGIS.GISADMIN.GenPlan2030_LandUse,Shape.area,-1,-1;Shape_len 'Shape_len' false false true 0 Double 0 0 ,First,#,Database Connections\GISAdmin@CORGIS@gis02.sde\CORGIS.GISADMIN.GenPlan2030_LandUse,Shape.len,-1,-1" # "Y:\My Documents\CORGIS (NEW2)\GISDATA2\GEODB\GenPlan2030_LandUse.shp"</Process><Process ToolSource="c:\program files (x86)\arcgis\desktop10.3\ArcToolbox\Toolboxes\Data Management Tools.tbx\CalculateField" Date="20150818" Time="140123">CalculateField GeneralPlan2030_LandUse Density "5 du/ac" VB #</Process><Process ToolSource="c:\program files (x86)\arcgis\desktop10.3\ArcToolbox\Toolboxes\Data Management Tools.tbx\CalculateField" Date="20150818" Time="140137">CalculateField GeneralPlan2030_LandUse Intensity "Not Applicable" VB #</Process><Process ToolSource="c:\program files (x86)\arcgis\desktop10.3\ArcToolbox\Toolboxes\Data Management Tools.tbx\CalculateField" Date="20150818" Time="140150">CalculateField GeneralPlan2030_LandUse Height "35 feet" VB #</Process><Process ToolSource="c:\program files (x86)\arcgis\desktop10.3\ArcToolbox\Toolboxes\Data Management Tools.tbx\CalculateField" Date="20150818" Time="140648">CalculateField GeneralPlan2030_LandUse Density "15 du/ac" VB #</Process><Process ToolSource="c:\program files (x86)\arcgis\desktop10.3\ArcToolbox\Toolboxes\Data Management Tools.tbx\CalculateField" Date="20150818" Time="140706">CalculateField GeneralPlan2030_LandUse Intensity "Not Applicable" VB #</Process><Process ToolSource="c:\program files (x86)\arcgis\desktop10.3\ArcToolbox\Toolboxes\Data Management Tools.tbx\CalculateField" Date="20150818" Time="141508">CalculateField GeneralPlan2030_LandUse Height "35 feet" VB #</Process><Process ToolSource="c:\program files (x86)\arcgis\desktop10.3\ArcToolbox\Toolboxes\Data Management Tools.tbx\CalculateField" Date="20150818" Time="141541">CalculateField GeneralPlan2030_LandUse Density "40 du/ac" VB #</Process><Process ToolSource="c:\program files (x86)\arcgis\desktop10.3\ArcToolbox\Toolboxes\Data Management Tools.tbx\CalculateField" Date="20150818" Time="141559">CalculateField GeneralPlan2030_LandUse Intensity "Not Applicable" VB #</Process><Process ToolSource="c:\program files (x86)\arcgis\desktop10.3\ArcToolbox\Toolboxes\Data Management Tools.tbx\CalculateField" Date="20150818" Time="141626">CalculateField GeneralPlan2030_LandUse Height "35" VB #</Process><Process ToolSource="c:\program files (x86)\arcgis\desktop10.3\ArcToolbox\Toolboxes\Data Management Tools.tbx\CalculateField" Date="20150818" Time="141637">CalculateField GeneralPlan2030_LandUse Height "35 feet" VB #</Process><Process ToolSource="c:\program files (x86)\arcgis\desktop10.3\ArcToolbox\Toolboxes\Data Management Tools.tbx\CalculateField" Date="20150818" Time="142254">CalculateField GeneralPlan2030_LandUse Density "30 du/ac" VB #</Process><Process ToolSource="c:\program files (x86)\arcgis\desktop10.3\ArcToolbox\Toolboxes\Data Management Tools.tbx\CalculateField" Date="20150818" Time="142312">CalculateField GeneralPlan2030_LandUse Intensity "0.25 to 0.5" VB #</Process><Process ToolSource="c:\program files (x86)\arcgis\desktop10.3\ArcToolbox\Toolboxes\Data Management Tools.tbx\CalculateField" Date="20150818" Time="142329">CalculateField GeneralPlan2030_LandUse Height "45 Feet" VB #</Process><Process ToolSource="c:\program files (x86)\arcgis\desktop10.3\ArcToolbox\Toolboxes\Data Management Tools.tbx\CalculateField" Date="20150818" Time="142426">CalculateField GeneralPlan2030_LandUse Density "50 du/ac" VB #</Process><Process ToolSource="c:\program files (x86)\arcgis\desktop10.3\ArcToolbox\Toolboxes\Data Management Tools.tbx\CalculateField" Date="20150818" Time="142442">CalculateField GeneralPlan2030_LandUse Intensity "0.5" VB #</Process><Process ToolSource="c:\program files (x86)\arcgis\desktop10.3\ArcToolbox\Toolboxes\Data Management Tools.tbx\CalculateField" Date="20150818" Time="142458">CalculateField GeneralPlan2030_LandUse Height "45 Feet" VB #</Process><Process ToolSource="c:\program files (x86)\arcgis\desktop10.3\ArcToolbox\Toolboxes\Data Management Tools.tbx\CalculateField" Date="20150818" Time="142709">CalculateField GeneralPlan2030_LandUse Density "50 du/ac" VB #</Process><Process ToolSource="c:\program files (x86)\arcgis\desktop10.3\ArcToolbox\Toolboxes\Data Management Tools.tbx\CalculateField" Date="20150818" Time="142723">CalculateField GeneralPlan2030_LandUse Intensity "0.5" VB #</Process><Process ToolSource="c:\program files (x86)\arcgis\desktop10.3\ArcToolbox\Toolboxes\Data Management Tools.tbx\CalculateField" Date="20150818" Time="142737">CalculateField GeneralPlan2030_LandUse Height "45 Feet" VB #</Process><Process ToolSource="c:\program files (x86)\arcgis\desktop10.3\ArcToolbox\Toolboxes\Data Management Tools.tbx\CalculateField" Date="20150818" Time="142822">CalculateField GeneralPlan2030_LandUse Density "50 du/acre" VB #</Process><Process ToolSource="c:\program files (x86)\arcgis\desktop10.3\ArcToolbox\Toolboxes\Data Management Tools.tbx\CalculateField" Date="20150818" Time="142841">CalculateField GeneralPlan2030_LandUse Intensity "0.25 to 2.0" VB #</Process><Process ToolSource="c:\program files (x86)\arcgis\desktop10.3\ArcToolbox\Toolboxes\Data Management Tools.tbx\CalculateField" Date="20150818" Time="142951">CalculateField GeneralPlan2030_LandUse Height "55 feet" VB #</Process><Process ToolSource="c:\program files (x86)\arcgis\desktop10.3\ArcToolbox\Toolboxes\Data Management Tools.tbx\CalculateField" Date="20150818" Time="143140">CalculateField GeneralPlan2030_LandUse Intensity "0.25 to 2.0" VB #</Process><Process ToolSource="c:\program files (x86)\arcgis\desktop10.3\ArcToolbox\Toolboxes\Data Management Tools.tbx\CalculateField" Date="20150818" Time="143155">CalculateField GeneralPlan2030_LandUse Height "55 Feet" VB #</Process><Process ToolSource="c:\program files (x86)\arcgis\desktop10.3\ArcToolbox\Toolboxes\Data Management Tools.tbx\CalculateField" Date="20150818" Time="143228">CalculateField GeneralPlan2030_LandUse Density "75 du/ac" VB #</Process><Process ToolSource="c:\program files (x86)\arcgis\desktop10.3\ArcToolbox\Toolboxes\Data Management Tools.tbx\CalculateField" Date="20150818" Time="143250">CalculateField GeneralPlan2030_LandUse Intensity "0.5 to 2.0" VB #</Process><Process ToolSource="c:\program files (x86)\arcgis\desktop10.3\ArcToolbox\Toolboxes\Data Management Tools.tbx\CalculateField" Date="20150818" Time="143327">CalculateField GeneralPlan2030_LandUse Density "125 du/ac" VB #</Process><Process ToolSource="c:\program files (x86)\arcgis\desktop10.3\ArcToolbox\Toolboxes\Data Management Tools.tbx\CalculateField" Date="20150818" Time="143353">CalculateField GeneralPlan2030_LandUse Intensity "1.0 to 5.0" VB #</Process><Process ToolSource="c:\program files (x86)\arcgis\desktop10.3\ArcToolbox\Toolboxes\Data Management Tools.tbx\CalculateField" Date="20150818" Time="143412">CalculateField GeneralPlan2030_LandUse Height "135 Feet" VB #</Process><Process ToolSource="c:\program files (x86)\arcgis\desktop10.3\ArcToolbox\Toolboxes\Data Management Tools.tbx\CalculateField" Date="20150818" Time="143509">CalculateField GeneralPlan2030_LandUse Density "50 du/ac" VB #</Process><Process ToolSource="c:\program files (x86)\arcgis\desktop10.3\ArcToolbox\Toolboxes\Data Management Tools.tbx\CalculateField" Date="20150818" Time="143550">CalculateField GeneralPlan2030_LandUse Intensity "0.5 to 2.0" VB #</Process><Process ToolSource="c:\program files (x86)\arcgis\desktop10.3\ArcToolbox\Toolboxes\Data Management Tools.tbx\CalculateField" Date="20150818" Time="143611">CalculateField GeneralPlan2030_LandUse Height "55 Feet" VB #</Process><Process ToolSource="c:\program files (x86)\arcgis\desktop10.3\ArcToolbox\Toolboxes\Data Management Tools.tbx\CalculateField" Date="20150818" Time="143705">CalculateField GeneralPlan2030_LandUse Density "50 du/ac" VB #</Process><Process ToolSource="c:\program files (x86)\arcgis\desktop10.3\ArcToolbox\Toolboxes\Data Management Tools.tbx\CalculateField" Date="20150818" Time="143725">CalculateField GeneralPlan2030_LandUse Intensity "0.25 to 0.5" VB #</Process><Process ToolSource="c:\program files (x86)\arcgis\desktop10.3\ArcToolbox\Toolboxes\Data Management Tools.tbx\CalculateField" Date="20150818" Time="143738">CalculateField GeneralPlan2030_LandUse Height "55 Feet" VB #</Process><Process ToolSource="c:\program files (x86)\arcgis\desktop10.3\ArcToolbox\Toolboxes\Data Management Tools.tbx\CalculateField" Date="20150818" Time="143838">CalculateField GeneralPlan2030_LandUse Density "Not Applicable" VB #</Process><Process ToolSource="c:\program files (x86)\arcgis\desktop10.3\ArcToolbox\Toolboxes\Data Management Tools.tbx\CalculateField" Date="20150818" Time="143854">CalculateField GeneralPlan2030_LandUse Intensity "0.40" VB #</Process><Process ToolSource="c:\program files (x86)\arcgis\desktop10.3\ArcToolbox\Toolboxes\Data Management Tools.tbx\CalculateField" Date="20150818" Time="143906">CalculateField GeneralPlan2030_LandUse Height "25 Feet" VB #</Process><Process ToolSource="c:\program files (x86)\arcgis\desktop10.3\ArcToolbox\Toolboxes\Data Management Tools.tbx\CalculateField" Date="20150818" Time="143942">CalculateField GeneralPlan2030_LandUse Density "Not Applicable" VB #</Process><Process ToolSource="c:\program files (x86)\arcgis\desktop10.3\ArcToolbox\Toolboxes\Data Management Tools.tbx\CalculateField" Date="20150818" Time="144022">CalculateField GeneralPlan2030_LandUse Intensity "0.25 to 3.0" VB #</Process><Process ToolSource="c:\program files (x86)\arcgis\desktop10.3\ArcToolbox\Toolboxes\Data Management Tools.tbx\CalculateField" Date="20150818" Time="144036">CalculateField GeneralPlan2030_LandUse Height "55 Feet" VB #</Process><Process ToolSource="c:\program files (x86)\arcgis\desktop10.3\ArcToolbox\Toolboxes\Data Management Tools.tbx\CalculateField" Date="20150818" Time="144121">CalculateField GeneralPlan2030_LandUse Density "Not Applicable" VB #</Process><Process ToolSource="c:\program files (x86)\arcgis\desktop10.3\ArcToolbox\Toolboxes\Data Management Tools.tbx\CalculateField" Date="20150818" Time="144151">CalculateField GeneralPlan2030_LandUse Intensity "0.25 to 1.0" VB #</Process><Process ToolSource="c:\program files (x86)\arcgis\desktop10.3\ArcToolbox\Toolboxes\Data Management Tools.tbx\CalculateField" Date="20150818" Time="144206">CalculateField GeneralPlan2030_LandUse Height "100 Feet" VB #</Process><Process ToolSource="c:\program files (x86)\arcgis\desktop10.3\ArcToolbox\Toolboxes\Data Management Tools.tbx\CalculateField" Date="20150818" Time="144250">CalculateField GeneralPlan2030_LandUse Density "Not Applicable" VB #</Process><Process ToolSource="c:\program files (x86)\arcgis\desktop10.3\ArcToolbox\Toolboxes\Data Management Tools.tbx\CalculateField" Date="20150818" Time="144326">CalculateField GeneralPlan2030_LandUse Intensity "0.25 to 2.0" VB #</Process><Process ToolSource="c:\program files (x86)\arcgis\desktop10.3\ArcToolbox\Toolboxes\Data Management Tools.tbx\CalculateField" Date="20150818" Time="144340">CalculateField GeneralPlan2030_LandUse Height "55 Feet" VB #</Process><Process ToolSource="c:\program files (x86)\arcgis\desktop10.3\ArcToolbox\Toolboxes\Data Management Tools.tbx\CalculateField" Date="20150818" Time="144428">CalculateField GeneralPlan2030_LandUse Density "Not Applicable" VB #</Process><Process ToolSource="c:\program files (x86)\arcgis\desktop10.3\ArcToolbox\Toolboxes\Data Management Tools.tbx\CalculateField" Date="20150818" Time="144448">CalculateField GeneralPlan2030_LandUse Intensity "0.25 to 2.0" VB #</Process><Process ToolSource="c:\program files (x86)\arcgis\desktop10.3\ArcToolbox\Toolboxes\Data Management Tools.tbx\CalculateField" Date="20150818" Time="144501">CalculateField GeneralPlan2030_LandUse Height "55 Feet" VB #</Process><Process ToolSource="c:\program files (x86)\arcgis\desktop10.3\ArcToolbox\Toolboxes\Data Management Tools.tbx\CalculateField" Date="20150818" Time="144603">CalculateField GeneralPlan2030_LandUse Intensity "0.25 to 1.0" VB #</Process><Process ToolSource="c:\program files (x86)\arcgis\desktop10.3\ArcToolbox\Toolboxes\Data Management Tools.tbx\CalculateField" Date="20150818" Time="144620">CalculateField GeneralPlan2030_LandUse Height "100 Feet" VB #</Process><Process ToolSource="c:\program files (x86)\arcgis\desktop10.3\ArcToolbox\Toolboxes\Data Management Tools.tbx\CalculateField" Date="20150818" Time="144732">CalculateField GeneralPlan2030_LandUse Density "Not Applicable" VB #</Process><Process ToolSource="c:\program files (x86)\arcgis\desktop10.3\ArcToolbox\Toolboxes\Data Management Tools.tbx\CalculateField" Date="20150818" Time="144752">CalculateField GeneralPlan2030_LandUse Intensity "0.5" VB #</Process><Process ToolSource="c:\program files (x86)\arcgis\desktop10.3\ArcToolbox\Toolboxes\Data Management Tools.tbx\CalculateField" Date="20150818" Time="144808">CalculateField GeneralPlan2030_LandUse Height "35 Feet" VB #</Process><Process ToolSource="c:\program files (x86)\arcgis\desktop10.3\ArcToolbox\Toolboxes\Data Management Tools.tbx\CalculateField" Date="20150818" Time="144838">CalculateField GeneralPlan2030_LandUse Height "35 Feet" VB #</Process><Process ToolSource="c:\program files (x86)\arcgis\desktop10.3\ArcToolbox\Toolboxes\Data Management Tools.tbx\CalculateField" Date="20150818" Time="144908">CalculateField GeneralPlan2030_LandUse Intensity "0.5" VB #</Process><Process ToolSource="c:\program files (x86)\arcgis\desktop10.3\ArcToolbox\Toolboxes\Data Management Tools.tbx\CalculateField" Date="20150818" Time="144922">CalculateField GeneralPlan2030_LandUse Density "Not Applicable" VB #</Process><Process ToolSource="c:\program files (x86)\arcgis\desktop10.3\ArcToolbox\Toolboxes\Data Management Tools.tbx\CalculateField" Date="20150818" Time="144944">CalculateField GeneralPlan2030_LandUse Density "Not Applicable" VB #</Process><Process ToolSource="c:\program files (x86)\arcgis\desktop10.3\ArcToolbox\Toolboxes\Data Management Tools.tbx\CalculateField" Date="20150818" Time="145004">CalculateField GeneralPlan2030_LandUse Intensity "1.0" VB #</Process><Process ToolSource="c:\program files (x86)\arcgis\desktop10.3\ArcToolbox\Toolboxes\Data Management Tools.tbx\CalculateField" Date="20150818" Time="145019">CalculateField GeneralPlan2030_LandUse Height "45 Feet" VB #</Process><Process ToolSource="c:\program files (x86)\arcgis\desktop10.3\ArcToolbox\Toolboxes\Data Management Tools.tbx\CalculateField" Date="20150818" Time="145058">CalculateField GeneralPlan2030_LandUse Density "0.20 du/ac" VB #</Process><Process ToolSource="c:\program files (x86)\arcgis\desktop10.3\ArcToolbox\Toolboxes\Data Management Tools.tbx\CalculateField" Date="20150818" Time="145120">CalculateField GeneralPlan2030_LandUse Intensity "Not Applicable" VB #</Process><Process ToolSource="c:\program files (x86)\arcgis\desktop10.3\ArcToolbox\Toolboxes\Data Management Tools.tbx\CalculateField" Date="20150818" Time="145131">CalculateField GeneralPlan2030_LandUse Height "35 Feet" VB #</Process><Process ToolSource="c:\program files (x86)\arcgis\desktop10.3\ArcToolbox\Toolboxes\Data Management Tools.tbx\CalculateField" Date="20160219" Time="141206">CalculateField GeneralPlan2030_LandUse OWNERSHIP "Contra Costa County" VB #</Process><Process ToolSource="c:\program files (x86)\arcgis\desktop10.3\ArcToolbox\Toolboxes\Data Management Tools.tbx\CalculateField" Date="20160219" Time="141402">CalculateField GeneralPlan2030_LandUse OWNERSHIP "East Bay Municipal Utility" VB #</Process><Process ToolSource="c:\program files (x86)\arcgis\desktop10.3\ArcToolbox\Toolboxes\Data Management Tools.tbx\CalculateField" Date="20160219" Time="141449">CalculateField GeneralPlan2030_LandUse OWNERSHIP "East Bay Municipal Utility District" VB #</Process><Process ToolSource="c:\program files (x86)\arcgis\desktop10.3\ArcToolbox\Toolboxes\Data Management Tools.tbx\CalculateField" Date="20160219" Time="141507">CalculateField GeneralPlan2030_LandUse OWNERSHIP "East Bay Municipal Water District" VB #</Process><Process ToolSource="c:\program files (x86)\arcgis\desktop10.3\ArcToolbox\Toolboxes\Data Management Tools.tbx\CalculateField" Date="20160219" Time="141544">CalculateField GeneralPlan2030_LandUse OWNERSHIP "East Bay Regional Park District" VB #</Process><Process ToolSource="c:\program files (x86)\arcgis\desktop10.3\ArcToolbox\Toolboxes\Data Management Tools.tbx\CalculateField" Date="20160219" Time="141912">CalculateField GeneralPlan2030_LandUse OWNERSHIP "Pacific gas and Electric Company" VB #</Process><Process ToolSource="c:\program files (x86)\arcgis\desktop10.3\ArcToolbox\Toolboxes\Data Management Tools.tbx\CalculateField" Date="20160219" Time="141921">CalculateField GeneralPlan2030_LandUse OWNERSHIP "Pacific Gas and Electric Company" VB #</Process><Process ToolSource="c:\program files (x86)\arcgis\desktop10.3\ArcToolbox\Toolboxes\Data Management Tools.tbx\CalculateField" Date="20160219" Time="142059">CalculateField GeneralPlan2030_LandUse OWNERSHIP "Richmond Chamber of Commerce" VB #</Process><Process ToolSource="c:\program files (x86)\arcgis\desktop10.3\ArcToolbox\Toolboxes\Data Management Tools.tbx\CalculateField" Date="20160219" Time="142124">CalculateField GeneralPlan2030_LandUse OWNERSHIP "City of Richmond" VB #</Process><Process ToolSource="c:\program files (x86)\arcgis\desktop10.3\ArcToolbox\Toolboxes\Data Management Tools.tbx\CalculateField" Date="20160219" Time="142238">CalculateField GeneralPlan2030_LandUse OWNERSHIP "Richmond Development Company" VB #</Process><Process ToolSource="c:\program files (x86)\arcgis\desktop10.3\ArcToolbox\Toolboxes\Data Management Tools.tbx\CalculateField" Date="20160219" Time="142251">CalculateField GeneralPlan2030_LandUse OWNERSHIP "Richmond Development Company" VB #</Process><Process ToolSource="c:\program files (x86)\arcgis\desktop10.3\ArcToolbox\Toolboxes\Data Management Tools.tbx\CalculateField" Date="20160219" Time="142321">CalculateField GeneralPlan2030_LandUse OWNERSHIP "Richmond Housing Authority" VB #</Process><Process ToolSource="c:\program files (x86)\arcgis\desktop10.3\ArcToolbox\Toolboxes\Data Management Tools.tbx\CalculateField" Date="20160219" Time="142351">CalculateField GeneralPlan2030_LandUse OWNERSHIP "Richmond Parking Authority" VB #</Process><Process ToolSource="c:\program files (x86)\arcgis\desktop10.3\ArcToolbox\Toolboxes\Data Management Tools.tbx\CalculateField" Date="20160219" Time="142441">CalculateField GeneralPlan2030_LandUse OWNERSHIP "Richmond Redevelopment Agency" VB #</Process><Process ToolSource="c:\program files (x86)\arcgis\desktop10.3\ArcToolbox\Toolboxes\Data Management Tools.tbx\CalculateField" Date="20160224" Time="170023">CalculateField GeneralPlan2030_LandUse OWNERSHIP "Unknown" VB #</Process><Process ToolSource="c:\program files (x86)\arcgis\desktop10.3\ArcToolbox\Toolboxes\Data Management Tools.tbx\CalculateField" Date="20160224" Time="170147">CalculateField GeneralPlan2030_LandUse OWNERSHIP "Private" VB #</Process><Process ToolSource="c:\program files (x86)\arcgis\desktop10.3\ArcToolbox\Toolboxes\Data Management Tools.tbx\CalculateField" Date="20160225" Time="160129">CalculateField GeneralPlan2030_LandUse INT_ZONES "RH Single Family Hillside Residential" VB #</Process><Process ToolSource="c:\program files (x86)\arcgis\desktop10.3\ArcToolbox\Toolboxes\Data Management Tools.tbx\CalculateField" Date="20160225" Time="160223">CalculateField GeneralPlan2030_LandUse INT_ZONES "RL Single Family Low Density Residential" VB #</Process><Process ToolSource="c:\program files (x86)\arcgis\desktop10.3\ArcToolbox\Toolboxes\Data Management Tools.tbx\CalculateField" Date="20160225" Time="160425">CalculateField GeneralPlan2030_LandUse INT_ZONES "RM Multi Family Residential" VB #</Process><Process ToolSource="c:\program files (x86)\arcgis\desktop10.3\ArcToolbox\Toolboxes\Data Management Tools.tbx\CalculateField" Date="20160225" Time="160616">CalculateField GeneralPlan2030_LandUse INT_ZONES "CM-1 Commercial Mixed Use, Residential" VB #</Process><Process ToolSource="c:\program files (x86)\arcgis\desktop10.3\ArcToolbox\Toolboxes\Data Management Tools.tbx\CalculateField" Date="20160225" Time="160658">CalculateField GeneralPlan2030_LandUse INT_ZONES "CM-2 Commercial Mixed Use, Neighborhood" VB #</Process><Process ToolSource="c:\program files (x86)\arcgis\desktop10.3\ArcToolbox\Toolboxes\Data Management Tools.tbx\CalculateField" Date="20160225" Time="160846">CalculateField GeneralPlan2030_LandUse INT_ZONES "CM-3 Commercial Mixed Use, Commercial Emphasis" VB #</Process><Process ToolSource="c:\program files (x86)\arcgis\desktop10.3\ArcToolbox\Toolboxes\Data Management Tools.tbx\CalculateField" Date="20160225" Time="160924">CalculateField GeneralPlan2030_LandUse INT_ZONES "CM-4 Commercial Mixed Use, Gateway/Node" VB #</Process><Process ToolSource="c:\program files (x86)\arcgis\desktop10.3\ArcToolbox\Toolboxes\Data Management Tools.tbx\CalculateField" Date="20160225" Time="161056">CalculateField GeneralPlan2030_LandUse INT_ZONES "CM-5 Commercial Mixed Use, Activity Center" VB #</Process><Process ToolSource="c:\program files (x86)\arcgis\desktop10.3\ArcToolbox\Toolboxes\Data Management Tools.tbx\CalculateField" Date="20160225" Time="161222">CalculateField GeneralPlan2030_LandUse INT_ZONES "LW Live/Work" VB #</Process><Process ToolSource="c:\program files (x86)\arcgis\desktop10.3\ArcToolbox\Toolboxes\Data Management Tools.tbx\CalculateField" Date="20160225" Time="161356">CalculateField GeneralPlan2030_LandUse INT_ZONES "CR Regional Commercial" VB #</Process><Process ToolSource="c:\program files (x86)\arcgis\desktop10.3\ArcToolbox\Toolboxes\Data Management Tools.tbx\CalculateField" Date="20160225" Time="161426">CalculateField GeneralPlan2030_LandUse INT_ZONES "CC Coastal Commercial" VB #</Process><Process ToolSource="c:\program files (x86)\arcgis\desktop10.3\ArcToolbox\Toolboxes\Data Management Tools.tbx\CalculateField" Date="20160225" Time="161544">CalculateField GeneralPlan2030_LandUse INT_ZONES "IC Industrial, Campus Style" VB #</Process><Process ToolSource="c:\program files (x86)\arcgis\desktop10.3\ArcToolbox\Toolboxes\Data Management Tools.tbx\CalculateField" Date="20160225" Time="161642">CalculateField GeneralPlan2030_LandUse INT_ZONES "IL Industrial, Light" VB #</Process><Process ToolSource="c:\program files (x86)\arcgis\desktop10.3\ArcToolbox\Toolboxes\Data Management Tools.tbx\CalculateField" Date="20160225" Time="161753">CalculateField GeneralPlan2030_LandUse INT_ZONES "IG Industrial, General" VB #</Process><Process ToolSource="c:\program files (x86)\arcgis\desktop10.3\ArcToolbox\Toolboxes\Data Management Tools.tbx\CalculateField" Date="20160225" Time="161841">CalculateField GeneralPlan2030_LandUse INT_ZONES "IW Industrial, Water Related" VB #</Process><Process ToolSource="c:\program files (x86)\arcgis\desktop10.3\ArcToolbox\Toolboxes\Data Management Tools.tbx\CalculateField" Date="20160225" Time="162050">CalculateField GeneralPlan2030_LandUse INT_ZONES "PCI Public, Cultural, and Institutional" VB #</Process><Process ToolSource="c:\program files (x86)\arcgis\desktop10.3\ArcToolbox\Toolboxes\Data Management Tools.tbx\CalculateField" Date="20160225" Time="162120">CalculateField GeneralPlan2030_LandUse INT_ZONES "PR Parks and Recreation" VB #</Process><Process ToolSource="c:\program files (x86)\arcgis\desktop10.3\ArcToolbox\Toolboxes\Data Management Tools.tbx\CalculateField" Date="20160225" Time="162147">CalculateField GeneralPlan2030_LandUse INT_ZONES "OS Open Space" VB #</Process><Process ToolSource="c:\program files (x86)\arcgis\desktop10.3\ArcToolbox\Toolboxes\Data Management Tools.tbx\CalculateField" Date="20160225" Time="162218">CalculateField GeneralPlan2030_LandUse INT_ZONES "AG Agriculture" VB #</Process><Process ToolSource="c:\program files (x86)\arcgis\desktop10.4\ArcToolbox\Toolboxes\Data Management Tools.tbx\CalculateField" Date="20160623" Time="113528">CalculateField Interim_Zoning INT_ZONES "ILL Industrial, Limited Light" VB #</Process><Process ToolSource="c:\program files (x86)\arcgis\desktop10.4\ArcToolbox\Toolboxes\Data Management Tools.tbx\CalculateField" Date="20160623" Time="115019">CalculateField Interim_Zoning Density "" VB #</Process><Process ToolSource="c:\program files (x86)\arcgis\desktop10.4\ArcToolbox\Toolboxes\Data Management Tools.tbx\CalculateField" Date="20160623" Time="115107">CalculateField Interim_Zoning Density "Transition Zone" VB #</Process></lineage><itemProps><itemLocation><linkage Sync="TRUE">file://\\ci.richmond.ca.us\s1\MyFiles1\IT\evronr\My Documents\CORGIS (NEW3)\GISDATA\Miscellaneous - External\Interim-Zoning-Jul16-MatthewBacinskas\Interim_Zoning_2016</linkage><protocol Sync="TRUE">Local Area Network</protocol></itemLocation></itemProps><copyHistory><copy source="Y:\My Documents\CORGIS (NEW3)\GISDATA\Zoning-Update-2015-16\Interim Zones\Interim_Zoning_2016" dest="\\ci.richmond.ca.us\s1\MyFiles1\IT\evronr\My Documents\CORGIS (NEW3)\GISDATA\Miscellaneous - External\Interim-Zoning-Jul16-MatthewBacinskas\Interim_Zoning_2016" date="20160726" time="06090400"></copy></copyHistory></DataProperties></Esri><idinfo><citation><citeinfo><onlink Sync="TRUE">\\ci.richmond.ca.us\s1\MyFiles1\IT\evronr\My Documents\CORGIS (NEW2)\GISDATA2\GEODB\GenPlan2030_LandUse.shp</onlink><origin>REQUIRED: The name of an organization or individual that developed the data set.</origin><pubdate>REQUIRED: The date when the data set is published or otherwise made available for release.</pubdate><title Sync="TRUE">GenPlan2030_LandUse</title><ftname Sync="TRUE">GenPlan2030_LandUse</ftname><geoform Sync="TRUE">vector digital data</geoform></citeinfo></citation><native Sync="TRUE">Microsoft Windows Vista Version 6.1 (Build 7601) Service Pack 1; ESRI ArcCatalog 9.3.1.3000</native><descript><langdata Sync="TRUE">en</langdata><abstract>REQUIRED: A brief narrative summary of the data set.</abstract><purpose>REQUIRED: A summary of the intentions with which the data set was developed.</purpose></descript><timeperd><current>REQUIRED: The basis on which the time period of content information is determined.</current><timeinfo><sngdate><caldate>REQUIRED: The year (and optionally month, or month and day) for which the data set corresponds to the ground.</caldate></sngdate></timeinfo></timeperd><status><progress>REQUIRED: The state of the data set.</progress><update>REQUIRED: The frequency with which changes and additions are made to the data set after the initial data set is completed.</update></status><spdom><bounding><westbc Sync="TRUE">REQUIRED: Western-most coordinate of the limit of coverage expressed in longitude.</westbc><eastbc Sync="TRUE">REQUIRED: Eastern-most coordinate of the limit of coverage expressed in longitude.</eastbc><northbc Sync="TRUE">REQUIRED: Northern-most coordinate of the limit of coverage expressed in latitude.</northbc><southbc Sync="TRUE">REQUIRED: Southern-most coordinate of the limit of coverage expressed in latitude.</southbc></bounding></spdom><keywords><theme><themekt>REQUIRED: Reference to a formally registered thesaurus or a similar authoritative source of theme keywords.</themekt><themekey>REQUIRED: Common-use word or phrase used to describe the subject of the data set.</themekey></theme></keywords><accconst>REQUIRED: Restrictions and legal prerequisites for accessing the data set.</accconst><useconst>REQUIRED: Restrictions and legal prerequisites for using the data set after access is granted.</useconst><natvform Sync="TRUE">Shapefile</natvform></idinfo><distInfo><distributor><distorTran><onLineSrc><linkage Sync="TRUE">file://\\ci.richmond.ca.us\s1\MyFiles1\IT\evronr\My Documents\CORGIS (NEW2)\GISDATA2\GEODB\GenPlan2030_LandUse.shp</linkage><protocol Sync="TRUE">Local Area Network</protocol><orDesc Sync="TRUE">002</orDesc></onLineSrc><transSize Sync="TRUE">0.000</transSize></distorTran><distorFormat><formatName Sync="TRUE">Shapefile</formatName></distorFormat></distributor></distInfo><dataqual><lineage><procstep><procdesc Sync="TRUE">Dataset copied.</procdesc><srcused Sync="TRUE">Y:\My Documents\CORGIS (NEW2)\GISDATA\GP-Land-Use\GP-Update-Review-Jun12\Land_Use_Pref_Alt_MOD3_RECTIFY</srcused><procdate Sync="TRUE">20121029</procdate><proctime Sync="TRUE">17305700</proctime></procstep><procstep><procdesc Sync="TRUE">Dataset copied.</procdesc><srcused Sync="TRUE"></srcused><procdate Sync="TRUE">20121031</procdate><proctime Sync="TRUE">16540600</proctime></procstep><procstep><procdesc Sync="TRUE">Dataset copied.</procdesc><srcused Sync="TRUE"></srcused><procdate Sync="TRUE">20130920</procdate><proctime Sync="TRUE">14222100</proctime></procstep><procstep><procdesc Sync="TRUE">Dataset copied.</procdesc><srcused Sync="TRUE">Y:\My Documents\CORGIS (NEW2)\GISDATA\GP-Land-Use\GP-Update-Review-Jun12\GeneralPlan2030_FIN2</srcused><procdate Sync="TRUE">20131001</procdate><proctime Sync="TRUE">14100300</proctime></procstep><procstep><procdesc Sync="TRUE">Dataset copied.</procdesc><srcused Sync="TRUE">Y:\My Documents\CORGIS (NEW2)\GISDATA\GP-Land-Use\GP-Update-Review-Jun12\GeneralPlan2030_FIN3</srcused><procdate Sync="TRUE">20140527</procdate><proctime Sync="TRUE">14240500</proctime></procstep><procstep><procdesc Sync="TRUE">Dataset copied.</procdesc><srcused Sync="TRUE">Z:\CORGIS\USERS\Hector R\General_Plan_2030_LU_Map\GPLU_May14\GeneralPlan2030_FIN5</srcused><procdate Sync="TRUE">20140619</procdate><proctime Sync="TRUE">18161500</proctime></procstep></lineage></dataqual><dataIdInfo><envirDesc Sync="TRUE">Microsoft Windows Vista Version 6.1 (Build 7601) Service Pack 1; ESRI ArcCatalog 9.3.1.3000</envirDesc><dataLang><languageCode Sync="TRUE" value="en"></languageCode></dataLang><idCitation><resTitle Sync="TRUE">GenPlan2030_LandUse</resTitle><presForm><PresFormCd Sync="TRUE" value="005"></PresFormCd></presForm></idCitation><spatRpType><SpatRepTypCd Sync="TRUE" value="001"></SpatRepTypCd></spatRpType></dataIdInfo><metainfo><langmeta Sync="TRUE">en</langmeta><metstdn Sync="TRUE">FGDC Content Standards for Digital Geospatial Metadata</metstdn><metstdv Sync="TRUE">FGDC-STD-001-1998</metstdv><mettc Sync="TRUE">local time</mettc><metc><cntinfo><cntorgp><cntper>REQUIRED: The person responsible for the metadata information.</cntper><cntorg>REQUIRED: The organization responsible for the metadata information.</cntorg></cntorgp><cntaddr><addrtype>REQUIRED: The mailing and/or physical address for the organization or individual.</addrtype><city>REQUIRED: The city of the address.</city><state>REQUIRED: The state or province of the address.</state><postal>REQUIRED: The ZIP or other postal code of the address.</postal></cntaddr><cntvoice>REQUIRED: The telephone number by which individuals can speak to the organization or individual.</cntvoice></cntinfo></metc><metd Sync="TRUE">20140805</metd><metextns><onlink Sync="TRUE">http://www.esri.com/metadata/esriprof80.html</onlink><metprof Sync="TRUE">ESRI Metadata Profile</metprof></metextns></metainfo><mdLang><languageCode Sync="TRUE" value="en"></languageCode></mdLang><mdStanName Sync="TRUE">ISO 19115 Geographic Information - Metadata</mdStanName><mdStanVer Sync="TRUE">DIS_ESRI1.0</mdStanVer><mdChar><CharSetCd Sync="TRUE" value="004"></CharSetCd></mdChar><mdHrLv><ScopeCd Sync="TRUE" value="005"></ScopeCd></mdHrLv><mdHrLvName Sync="TRUE">dataset</mdHrLvName><distinfo><resdesc Sync="TRUE">Downloadable Data</resdesc><stdorder><digform><digtinfo><transize Sync="TRUE">0.000</transize><dssize Sync="TRUE">0.000</dssize></digtinfo></digform></stdorder></distinfo><spdoinfo><direct Sync="TRUE">Vector</direct><ptvctinf><esriterm Name="GenPlan2030_LandUse"><efeatyp Sync="TRUE">Simple</efeatyp><efeageom Sync="TRUE">Polygon</efeageom><esritopo Sync="TRUE">FALSE</esritopo><efeacnt Sync="TRUE">0</efeacnt><spindex Sync="TRUE">FALSE</spindex><linrefer Sync="TRUE">FALSE</linrefer></esriterm><sdtsterm Name="GenPlan2030_LandUse"><sdtstype Sync="TRUE">G-polygon</sdtstype><ptvctcnt Sync="TRUE">0</ptvctcnt></sdtsterm></ptvctinf></spdoinfo><spref><horizsys><cordsysn><geogcsn Sync="TRUE">GCS_North_American_1983</geogcsn><projcsn Sync="TRUE">NAD_1983_StatePlane_California_III_FIPS_0403_Feet</projcsn></cordsysn><planar><planci><plance Sync="TRUE">coordinate pair</plance><plandu Sync="TRUE">survey feet</plandu><coordrep><absres Sync="TRUE">0.000000</absres><ordres Sync="TRUE">0.000000</ordres></coordrep></planci><mapproj><mapprojn Sync="TRUE">Lambert Conformal Conic</mapprojn><lambertc><stdparll Sync="TRUE">37.066667</stdparll><stdparll Sync="TRUE">38.433333</stdparll><longcm Sync="TRUE">-120.500000</longcm><latprjo Sync="TRUE">36.500000</latprjo><feast Sync="TRUE">6561666.666667</feast><fnorth Sync="TRUE">1640416.666667</fnorth></lambertc></mapproj></planar><geodetic><horizdn Sync="TRUE">North American Datum of 1983</horizdn><ellips Sync="TRUE">Geodetic Reference System 80</ellips><semiaxis Sync="TRUE">6378137.000000</semiaxis><denflat Sync="TRUE">298.257222</denflat></geodetic></horizsys><vertdef><altsys><altenc Sync="TRUE">Explicit elevation coordinate included with horizontal coordinates</altenc><altres Sync="TRUE">1.000000</altres></altsys></vertdef></spref><refSysInfo><RefSystem><refSysID><identCode Sync="TRUE">NAD_1983_StatePlane_California_III_FIPS_0403_Feet</identCode></refSysID></RefSystem></refSysInfo><spatRepInfo><VectSpatRep><topLvl><TopoLevCd Sync="TRUE" value="001"></TopoLevCd></topLvl><geometObjs Name="GenPlan2030_LandUse"><geoObjTyp><GeoObjTypCd Sync="TRUE" value="001"></GeoObjTypCd></geoObjTyp><geoObjCnt Sync="TRUE">0</geoObjCnt></geometObjs></VectSpatRep></spatRepInfo><eainfo><detailed Name="GenPlan2030_LandUse"><enttyp><enttypl Sync="TRUE">GenPlan2030_LandUse</enttypl><enttypt Sync="TRUE">Feature Class</enttypt><enttypc Sync="TRUE">0</enttypc></enttyp><attr><attrlabl Sync="TRUE">FID</attrlabl><attalias Sync="TRUE">FID</attalias><attrtype Sync="TRUE">OID</attrtype><attwidth Sync="TRUE">4</attwidth><atprecis Sync="TRUE">0</atprecis><attscale Sync="TRUE">0</attscale><attrdef Sync="TRUE">Internal feature number.</attrdef><attrdefs Sync="TRUE">ESRI</attrdefs><attrdomv><udom Sync="TRUE">Sequential unique whole numbers that are automatically generated.</udom></attrdomv></attr><attr><attrlabl Sync="TRUE">GIS_Area</attrlabl><attalias Sync="TRUE">GIS_Area</attalias><attrtype Sync="TRUE">Number</attrtype><attwidth Sync="TRUE">19</attwidth><atnumdec Sync="TRUE">8</atnumdec></attr><attr><attrlabl Sync="TRUE">APN</attrlabl><attalias Sync="TRUE">APN</attalias><attrtype Sync="TRUE">String</attrtype><attwidth Sync="TRUE">9</attwidth></attr><attr><attrlabl Sync="TRUE">TRA</attrlabl><attalias Sync="TRUE">TRA</attalias><attrtype Sync="TRUE">String</attrtype><attwidth Sync="TRUE">5</attwidth></attr><attr><attrlabl Sync="TRUE">P_OWNER_NM</attrlabl><attalias Sync="TRUE">P_OWNER_NM</attalias><attrtype Sync="TRUE">String</attrtype><attwidth Sync="TRUE">30</attwidth></attr><attr><attrlabl Sync="TRUE">OWN_NM_2ND</attrlabl><attalias Sync="TRUE">OWN_NM_2ND</attalias><attrtype Sync="TRUE">String</attrtype><attwidth Sync="TRUE">30</attwidth></attr><attr><attrlabl Sync="TRUE">DESC_</attrlabl><attalias Sync="TRUE">DESC_</attalias><attrtype Sync="TRUE">String</attrtype><attwidth Sync="TRUE">45</attwidth></attr><attr><attrlabl Sync="TRUE">ACREAGE</attrlabl><attalias Sync="TRUE">ACREAGE</attalias><attrtype Sync="TRUE">Number</attrtype><attwidth Sync="TRUE">19</attwidth><atnumdec Sync="TRUE">8</atnumdec></attr><attr><attrlabl Sync="TRUE">LAND_VALUE</attrlabl><attalias Sync="TRUE">LAND_VALUE</attalias><attrtype Sync="TRUE">Number</attrtype><attwidth Sync="TRUE">19</attwidth><atnumdec Sync="TRUE">8</atnumdec></attr><attr><attrlabl Sync="TRUE">IMP_VAL</attrlabl><attalias Sync="TRUE">IMP_VAL</attalias><attrtype Sync="TRUE">Number</attrtype><attwidth Sync="TRUE">19</attwidth><atnumdec Sync="TRUE">8</atnumdec></attr><attr><attrlabl Sync="TRUE">ASSD_VAL</attrlabl><attalias Sync="TRUE">ASSD_VAL</attalias><attrtype Sync="TRUE">Number</attrtype><attwidth Sync="TRUE">19</attwidth><atnumdec Sync="TRUE">8</atnumdec></attr><attr><attrlabl Sync="TRUE">USECODE</attrlabl><attalias Sync="TRUE">USECODE</attalias><attrtype Sync="TRUE">String</attrtype><attwidth Sync="TRUE">4</attwidth></attr><attr><attrlabl Sync="TRUE">USE_CODE_D</attrlabl><attalias Sync="TRUE">USE_CODE_D</attalias><attrtype Sync="TRUE">String</attrtype><attwidth Sync="TRUE">120</attwidth></attr><attr><attrlabl Sync="TRUE">S_ADDRESS</attrlabl><attalias Sync="TRUE">S_ADDRESS</attalias><attrtype Sync="TRUE">String</attrtype><attwidth Sync="TRUE">60</attwidth></attr><attr><attrlabl Sync="TRUE">N_ADDRESS</attrlabl><attalias Sync="TRUE">N_ADDRESS</attalias><attrtype Sync="TRUE">String</attrtype><attwidth Sync="TRUE">60</attwidth></attr><attr><attrlabl Sync="TRUE">Acres</attrlabl><attalias Sync="TRUE">Acres</attalias><attrtype Sync="TRUE">Number</attrtype><attwidth Sync="TRUE">19</attwidth><atnumdec Sync="TRUE">8</atnumdec></attr><attr><attrlabl Sync="TRUE">PREF_ALT</attrlabl><attalias Sync="TRUE">PREF_ALT</attalias><attrtype Sync="TRUE">String</attrtype><attwidth Sync="TRUE">10</attwidth></attr><attr><attrlabl Sync="TRUE">Calc_Acres</attrlabl><attalias Sync="TRUE">Calc_Acres</attalias><attrtype Sync="TRUE">Number</attrtype><attwidth Sync="TRUE">19</attwidth><atnumdec Sync="TRUE">8</atnumdec></attr><attr><attrlabl Sync="TRUE">Shape_Leng</attrlabl><attalias Sync="TRUE">Shape_Leng</attalias><attrtype Sync="TRUE">Number</attrtype><attwidth Sync="TRUE">19</attwidth><atnumdec Sync="TRUE">8</atnumdec></attr><attr><attrlabl Sync="TRUE">GP_LandUse</attrlabl><attalias Sync="TRUE">GP_LandUse</attalias><attrtype Sync="TRUE">String</attrtype><attwidth Sync="TRUE">10</attwidth></attr><attr><attrlabl Sync="TRUE">Descript</attrlabl><attalias Sync="TRUE">Descript</attalias><attrtype Sync="TRUE">String</attrtype><attwidth Sync="TRUE">100</attwidth></attr><attr><attrlabl Sync="TRUE">Shape</attrlabl><attalias Sync="TRUE">Shape</attalias><attrtype Sync="TRUE">Geometry</attrtype><attwidth Sync="TRUE">0</attwidth><atprecis Sync="TRUE">0</atprecis><attscale Sync="TRUE">0</attscale><attrdef Sync="TRUE">Feature geometry.</attrdef><attrdefs Sync="TRUE">ESRI</attrdefs><attrdomv><udom Sync="TRUE">Coordinates defining the features.</udom></attrdomv></attr><attr><attrlabl Sync="TRUE">Shape_area</attrlabl><attalias Sync="TRUE">Shape_area</attalias><attrtype Sync="TRUE">Float</attrtype><attwidth Sync="TRUE">19</attwidth><attrdef Sync="TRUE">Area of feature in internal units squared.</attrdef><attrdefs Sync="TRUE">ESRI</attrdefs><attrdomv><udom Sync="TRUE">Positive real numbers that are automatically generated.</udom></attrdomv><atnumdec Sync="TRUE">11</atnumdec></attr><attr><attrlabl Sync="TRUE">Shape_len</attrlabl><attalias Sync="TRUE">Shape_len</attalias><attrtype Sync="TRUE">Float</attrtype><attwidth Sync="TRUE">19</attwidth><atnumdec Sync="TRUE">11</atnumdec></attr></detailed></eainfo><mdDateSt Sync="TRUE">20140805</mdDateSt></metadata>
