<metadata xml:lang="en"><Esri><CreaDate>20180808</CreaDate><CreaTime>15052300</CreaTime><SyncOnce>FALSE</SyncOnce><DataProperties><lineage><Process Name="Create Feature Class" ToolSource="C:\Program Files\ArcGIS\ArcToolbox\Toolboxes\Data Management Tools.tbx\CreateFeatureclass" Date="20051130" Time="082018">CreateFeatureclass "Database Connections\vec on 9.sde" vec.CD.BND_CDD_Counties # CD_Layer SAME_AS_TEMPLATE SAME_AS_TEMPLATE "PROJCS['NAD_1983_StatePlane_California_III_FIPS_0403_Feet',GEOGCS['GCS_North_American_1983',DATUM['D_North_American_1983',SPHEROID['GRS_1980',6378137.0,298.257222101]],PRIMEM['Greenwich',0.0],UNIT['Degree',0.0174532925199433]],PROJECTION['Lambert_Conformal_Conic'],PARAMETER['False_Easting',6561666.666666666],PARAMETER['False_Northing',1640416.666666667],PARAMETER['Central_Meridian',-120.5],PARAMETER['Standard_Parallel_1',37.06666666666667],PARAMETER['Standard_Parallel_2',38.43333333333333],PARAMETER['Latitude_Of_Origin',36.5],UNIT['Foot_US',0.3048006096012192]];5000000 1000000 1000;0 1;0 1" # 0 0 0 "Database Connections\vec on 9.sde\vec.CD.BND_CDD_Counties"</Process><Process Name="Append" ToolSource="C:\Program Files\ArcGIS\ArcToolbox\Toolboxes\Data Management Tools.tbx\Append" Date="20051130" Time="082019">Append CD_Layer "Database Connections\vec on 9.sde\vec.CD.BND_CDD_Counties" TEST "Database Connections\vec on 9.sde\vec.CD.BND_CDD_Counties"</Process><Process Name="FeatureClassToFeatureClass_14" ToolSource="C:\Program Files\ArcGIS\ArcToolbox\Toolboxes\Conversion Tools.tbx\FeatureClassToFeatureClass" Date="20051130" Time="082019">FeatureClassToFeatureClass "Database Connections\vec on 8.3.sde\vec.CD.BND_CDD_Counties" "Database Connections\vec on 9.sde" vec.CD.BND_CDD_Counties # "FIPS FIPS VISIBLE;Name Name VISIBLE;Suffix Suffix VISIBLE;SHAPE.area SHAPE.area VISIBLE;SHAPE.len SHAPE.len VISIBLE" SAME_AS_TEMPLATE SAME_AS_TEMPLATE # 0 "Database Connections\vec on 9.sde\vec.CD.BND_CDD_Counties"</Process><Process Name="Union_1" ToolSource="C:\Program Files\ArcGIS\ArcToolbox\Toolboxes\Analysis Tools.tbx\Union" Date="20070323" Time="104910">Union "BND_SBE_CityLim '';BND_CDD_Counties ''" T:\GIS_SDE\VEC_01_18_07.mdb\BND_CDD_Unincorp_Islands ALL "0.005 Feet" GAPS</Process></lineage><itemProps><itemLocation><linkage Sync="TRUE">file://\\DOIT-ICABRE-W10\C$\GIS\DCD\web\BND_DCD_City_Limits.shp</linkage><protocol Sync="TRUE">Local Area Network</protocol></itemLocation><itemName Sync="TRUE">BND_DCD_City_Limits</itemName><imsContentType Sync="TRUE">002</imsContentType><itemSize Sync="TRUE">0.000</itemSize></itemProps><coordRef><type Sync="TRUE">Projected</type><geogcsn Sync="TRUE">GCS_North_American_1983</geogcsn><csUnits Sync="TRUE">Linear Unit: Foot_US (0.304801)</csUnits><projcsn Sync="TRUE">NAD_1983_StatePlane_California_III_FIPS_0403_Feet</projcsn><peXml Sync="TRUE">&lt;ProjectedCoordinateSystem xsi:type='typens:ProjectedCoordinateSystem' xmlns:xsi='http://www.w3.org/2001/XMLSchema-instance' xmlns:xs='http://www.w3.org/2001/XMLSchema' xmlns:typens='http://www.esri.com/schemas/ArcGIS/10.6'&gt;&lt;WKT&gt;PROJCS[&amp;quot;NAD_1983_StatePlane_California_III_FIPS_0403_Feet&amp;quot;,GEOGCS[&amp;quot;GCS_North_American_1983&amp;quot;,DATUM[&amp;quot;D_North_American_1983&amp;quot;,SPHEROID[&amp;quot;GRS_1980&amp;quot;,6378137.0,298.257222101]],PRIMEM[&amp;quot;Greenwich&amp;quot;,0.0],UNIT[&amp;quot;Degree&amp;quot;,0.0174532925199433]],PROJECTION[&amp;quot;Lambert_Conformal_Conic&amp;quot;],PARAMETER[&amp;quot;False_Easting&amp;quot;,6561666.666666666],PARAMETER[&amp;quot;False_Northing&amp;quot;,1640416.666666667],PARAMETER[&amp;quot;Central_Meridian&amp;quot;,-120.5],PARAMETER[&amp;quot;Standard_Parallel_1&amp;quot;,37.06666666666667],PARAMETER[&amp;quot;Standard_Parallel_2&amp;quot;,38.43333333333333],PARAMETER[&amp;quot;Latitude_Of_Origin&amp;quot;,36.5],UNIT[&amp;quot;Foot_US&amp;quot;,0.3048006096012192],AUTHORITY[&amp;quot;EPSG&amp;quot;,2227]]&lt;/WKT&gt;&lt;XOrigin&gt;-115860600&lt;/XOrigin&gt;&lt;YOrigin&gt;-93269500&lt;/YOrigin&gt;&lt;XYScale&gt;36787427.345686711&lt;/XYScale&gt;&lt;ZOrigin&gt;-100000&lt;/ZOrigin&gt;&lt;ZScale&gt;10000&lt;/ZScale&gt;&lt;MOrigin&gt;-100000&lt;/MOrigin&gt;&lt;MScale&gt;10000&lt;/MScale&gt;&lt;XYTolerance&gt;0.0032808333333333331&lt;/XYTolerance&gt;&lt;ZTolerance&gt;0.001&lt;/ZTolerance&gt;&lt;MTolerance&gt;0.001&lt;/MTolerance&gt;&lt;HighPrecision&gt;true&lt;/HighPrecision&gt;&lt;WKID&gt;102643&lt;/WKID&gt;&lt;LatestWKID&gt;2227&lt;/LatestWKID&gt;&lt;/ProjectedCoordinateSystem&gt;</peXml></coordRef></DataProperties><SyncDate>20181114</SyncDate><SyncTime>23241800</SyncTime><ModDate>20181114</ModDate><ModTime>23241800</ModTime><ArcGISFormat>1.0</ArcGISFormat></Esri><idinfo><native Sync="TRUE">Microsoft Windows XP Version 5.1 (Build 2600) Service Pack 1; ESRI ArcCatalog 9.1.0.722</native><descript><langdata Sync="TRUE">en</langdata><abstract>Bay Area County Boundary Polygon Data, TIGER Census Counties with more precise Contra Costa County boundary.</abstract><purpose>REQUIRED: A summary of the intentions with which the data set was developed.</purpose></descript><citation><citeinfo><origin>REQUIRED: The name of an organization or individual that developed the data set.</origin><pubdate>4/13/2006</pubdate><title>vec.CD.BND_CDD_Counties</title><ftname Sync="TRUE">BND_CDD_Unincorp_Islands</ftname><geoform Sync="TRUE">vector digital data</geoform><onlink Sync="TRUE">\\dcd-fs\GISnew\GIS_SDE\CityLimitHistory.gdb</onlink></citeinfo></citation><timeperd><current>REQUIRED: The basis on which the time period of content information is determined.</current><timeinfo><sngdate><caldate>REQUIRED: The year (and optionally month, or month and day) for which the data set corresponds to the ground.</caldate></sngdate></timeinfo></timeperd><status><progress>REQUIRED: The state of the data set.</progress><update>None planned</update></status><spdom><bounding><westbc Sync="TRUE">-123.638546</westbc><eastbc Sync="TRUE">-120.385315</eastbc><northbc Sync="TRUE">38.940419</northbc><southbc Sync="TRUE">36.859092</southbc></bounding><lboundng><leftbc Sync="TRUE">5668458.572000</leftbc><rightbc Sync="TRUE">6594293.017000</rightbc><bottombc Sync="TRUE">1785740.794000</bottombc><topbc Sync="TRUE">2529084.173000</topbc></lboundng></spdom><keywords><theme><themekt>REQUIRED: Reference to a formally registered thesaurus or a similar authoritative source of theme keywords.</themekt><themekey>REQUIRED: Common-use word or phrase used to describe the subject of the data set.</themekey></theme><theme><themekt>ArcIMS Metadata Server Theme Codes</themekt><themekey>Administrative and political boundaries</themekey></theme></keywords><accconst>REQUIRED: Restrictions and legal prerequisites for accessing the data set.</accconst><useconst>REQUIRED: Restrictions and legal prerequisites for using the data set after access is granted.</useconst><natvform Sync="TRUE">Personal GeoDatabase Feature Class</natvform></idinfo><dataIdInfo><envirDesc Sync="TRUE"> Version 6.2 (Build 9200) ; Esri ArcGIS 10.6.1.9270</envirDesc><dataLang><languageCode Sync="TRUE" value="eng"></languageCode><countryCode value="USA" Sync="TRUE"></countryCode></dataLang><idCitation><resTitle>vec.CD.BND_CDD_Counties</resTitle><presForm><PresFormCd Sync="TRUE" value="005"></PresFormCd></presForm><resRefDate><refDateType><DateTypCd value="002"></DateTypCd></refDateType><refDate>20050118</refDate></resRefDate></idCitation><spatRpType><SpatRepTypCd Sync="TRUE" value="001"></SpatRepTypCd></spatRpType><dataExt><geoEle><GeoBndBox esriExtentType="native"><westBL Sync="TRUE">5668458.572</westBL><eastBL Sync="TRUE">6594293.017</eastBL><northBL Sync="TRUE">2529084.173</northBL><southBL Sync="TRUE">1785740.794</southBL><exTypeCode Sync="TRUE">1</exTypeCode></GeoBndBox></geoEle></dataExt><geoBox esriExtentType="decdegrees"><westBL Sync="TRUE">-123.638546</westBL><eastBL Sync="TRUE">-120.385315</eastBL><northBL Sync="TRUE">38.940419</northBL><southBL Sync="TRUE">36.859092</southBL><exTypeCode Sync="TRUE">1</exTypeCode></geoBox><idAbs>Bay Area County Boundary Polygon Data, TIGER Census Counties with more precise Contra Costa County boundary.</idAbs><tpCat><TopicCatCd value="003"></TopicCatCd></tpCat></dataIdInfo><metainfo><langmeta Sync="TRUE">en</langmeta><metstdn Sync="TRUE">FGDC Content Standards for Digital Geospatial Metadata</metstdn><metstdv Sync="TRUE">FGDC-STD-001-1998</metstdv><mettc Sync="TRUE">local time</mettc><metc><cntinfo><cntorgp><cntper>REQUIRED: The person responsible for the metadata information.</cntper><cntorg>REQUIRED: The organization responsible for the metadata information.</cntorg></cntorgp><cntaddr><addrtype>REQUIRED: The mailing and/or physical address for the organization or individual.</addrtype><city>REQUIRED: The city of the address.</city><state>REQUIRED: The state or province of the address.</state><postal>REQUIRED: The ZIP or other postal code of the address.</postal></cntaddr><cntvoice>REQUIRED: The telephone number by which individuals can speak to the organization or individual.</cntvoice></cntinfo></metc><metd Sync="TRUE">20070323</metd></metainfo><mdLang><languageCode Sync="TRUE" value="eng"></languageCode><countryCode value="USA" Sync="TRUE"></countryCode></mdLang><mdStanName Sync="TRUE">ISO 19115 Geographic Information - Metadata</mdStanName><mdStanVer Sync="TRUE">DIS_ESRI1.0</mdStanVer><mdChar><CharSetCd Sync="TRUE" value="004"></CharSetCd></mdChar><mdHrLv><ScopeCd Sync="TRUE" value="005"></ScopeCd></mdHrLv><mdHrLvName Sync="TRUE">dataset</mdHrLvName><distinfo><resdesc Sync="TRUE">Downloadable Data</resdesc><distrib><cntinfo><cntperp><cntorg>Contra Costa County, Community Development</cntorg><cntper>Community Development Department, GIS Group</cntper></cntperp><cntpos></cntpos><cntvoice>(925) 335 1333</cntvoice><cntemail></cntemail></cntinfo></distrib></distinfo><distInfo><distributor><distorTran><onLineSrc><orDesc Sync="TRUE">002</orDesc><linkage Sync="TRUE">file://\\dcd-fs\GISnew\GIS_SDE\CityLimitHistory.gdb</linkage><protocol Sync="TRUE">Local Area Network</protocol></onLineSrc></distorTran><distorFormat><formatName Sync="TRUE">Personal GeoDatabase Feature Class</formatName></distorFormat><distorCont><rpOrgName>Contra Costa County, Community Development</rpOrgName><rpIndName>Community Development Department, GIS Group</rpIndName><rpPosName></rpPosName><rpCntInfo><cntPhone><voiceNum>(925) 335 1333</voiceNum></cntPhone><cntAddress><eMailAdd></eMailAdd></cntAddress></rpCntInfo></distorCont></distributor><distFormat><formatName Sync="TRUE">Shapefile</formatName></distFormat><distTranOps><transSize Sync="TRUE">0.000</transSize></distTranOps></distInfo><spdoinfo><direct Sync="TRUE">Vector</direct><ptvctinf><esriterm Name="BND_DCD_City_Limits"><efeatyp Sync="TRUE">Simple</efeatyp><efeageom code="4" Sync="TRUE"></efeageom><esritopo Sync="TRUE">FALSE</esritopo><efeacnt Sync="TRUE">0</efeacnt><spindex Sync="TRUE">FALSE</spindex><linrefer Sync="TRUE">FALSE</linrefer></esriterm></ptvctinf></spdoinfo><spref><horizsys><cordsysn><geogcsn Sync="TRUE">GCS_North_American_1983</geogcsn><projcsn Sync="TRUE">NAD_1983_StatePlane_California_III_FIPS_0403_Feet</projcsn></cordsysn><planar><planci><plance Sync="TRUE">coordinate pair</plance><plandu Sync="TRUE">survey feet</plandu><coordrep><absres Sync="TRUE">0.000453</absres><ordres Sync="TRUE">0.000453</ordres></coordrep></planci></planar><geodetic><horizdn Sync="TRUE">North American Datum of 1983</horizdn><ellips Sync="TRUE">Geodetic Reference System 80</ellips><semiaxis Sync="TRUE">6378137.000000</semiaxis><denflat Sync="TRUE">298.257222</denflat></geodetic></horizsys><vertdef><altsys><altenc Sync="TRUE">Explicit elevation coordinate included with horizontal coordinates</altenc><altres Sync="TRUE">1.000000</altres></altsys></vertdef></spref><refSysInfo><RefSystem><refSysID><identCode Sync="TRUE" code="2227">NAD_1983_StatePlane_California_III_FIPS_0403_Feet</identCode><idCodeSpace Sync="TRUE">EPSG</idCodeSpace><idVersion Sync="TRUE">5.3(9.0.0)</idVersion></refSysID></RefSystem></refSysInfo><spatRepInfo><VectSpatRep><geometObjs Name="BND_DCD_City_Limits"><geoObjTyp><GeoObjTypCd value="002" Sync="TRUE"></GeoObjTypCd></geoObjTyp><geoObjCnt Sync="TRUE">0</geoObjCnt></geometObjs><topLvl><TopoLevCd value="001" Sync="TRUE"></TopoLevCd></topLvl></VectSpatRep></spatRepInfo><eainfo><detailed Name="BND_DCD_City_Limits"><enttyp><enttypl Sync="TRUE">BND_DCD_City_Limits</enttypl><enttypt Sync="TRUE">Feature Class</enttypt><enttypc Sync="TRUE">0</enttypc></enttyp><attr><attrlabl Sync="TRUE">FID</attrlabl><attalias Sync="TRUE">FID</attalias><attrtype Sync="TRUE">OID</attrtype><attwidth Sync="TRUE">4</attwidth><atprecis Sync="TRUE">0</atprecis><attscale Sync="TRUE">0</attscale><attrdef Sync="TRUE">Internal feature number.</attrdef><attrdefs Sync="TRUE">Esri</attrdefs><attrdomv><udom Sync="TRUE">Sequential unique whole numbers that are automatically generated.</udom></attrdomv></attr><attr><attrlabl Sync="TRUE">NAME</attrlabl><attalias Sync="TRUE">NAME</attalias><attrtype Sync="TRUE">String</attrtype><attwidth Sync="TRUE">25</attwidth><atprecis Sync="TRUE">0</atprecis><attscale Sync="TRUE">0</attscale><attrdef>Name of County</attrdef><attrdomv><edom><edomv></edomv><edomvd></edomvd></edom></attrdomv></attr><attr><attrlabl Sync="TRUE">SHAPE</attrlabl><attalias Sync="TRUE">Shape</attalias><attrtype Sync="TRUE">Geometry</attrtype><attwidth Sync="TRUE">0</attwidth><atprecis Sync="TRUE">0</atprecis><attscale Sync="TRUE">0</attscale><attrdef>Feature geometry.</attrdef><attrdefs Sync="TRUE">ESRI</attrdefs><attrdomv><edom><edomv></edomv><edomvd></edomvd></edom><udom Sync="TRUE">Coordinates defining the features.</udom></attrdomv></attr><attr><attrlabl Sync="TRUE">URL</attrlabl><attalias Sync="TRUE">URL</attalias><attrtype Sync="TRUE">String</attrtype><attwidth Sync="TRUE">94</attwidth><atprecis Sync="TRUE">0</atprecis><attscale Sync="TRUE">0</attscale></attr><attr><attrlabl Sync="TRUE">Place</attrlabl><attalias Sync="TRUE">Place</attalias><attrtype Sync="TRUE">String</attrtype><attwidth Sync="TRUE">6</attwidth><atprecis Sync="TRUE">0</atprecis><attscale Sync="TRUE">0</attscale></attr><attr><attrlabl Sync="TRUE">SHAPE_Leng</attrlabl><attalias Sync="TRUE">SHAPE_Leng</attalias><attrtype Sync="TRUE">Double</attrtype><attwidth Sync="TRUE">19</attwidth><atprecis Sync="TRUE">0</atprecis><attscale Sync="TRUE">0</attscale></attr><attr><attrlabl Sync="TRUE">SHAPE_Area</attrlabl><attalias Sync="TRUE">SHAPE_Area</attalias><attrtype Sync="TRUE">Double</attrtype><attwidth Sync="TRUE">19</attwidth><atprecis Sync="TRUE">0</atprecis><attscale Sync="TRUE">0</attscale><attrdef Sync="TRUE">Area of feature in internal units squared.</attrdef><attrdefs Sync="TRUE">ESRI</attrdefs><attrdomv><udom Sync="TRUE">Positive real numbers that are automatically generated.</udom></attrdomv></attr></detailed></eainfo><mdDateSt Sync="TRUE">20181114</mdDateSt><dataqual><lineage><procstep><procdesc>Dev#
12/08/2004   TIGER Census data with more precise Contra Costa County Boundary
01/18/2005   Contra Costa County boundary adjusted for accuracy - Chrs Howard</procdesc></procstep><srcinfo><srctime><timeinfo><sngdate><caldate>01/18/2005</caldate></sngdate></timeinfo></srctime></srcinfo><procstep><procdesc Sync="TRUE">Dataset copied.</procdesc><srcused Sync="TRUE">Server=gis9-cd; Service=5151; Database=vec; User=load; Version=sde.DEFAULT</srcused><date Sync="TRUE">20061227</date><time Sync="TRUE">11090400</time></procstep><procstep><procdesc Sync="TRUE">Dataset copied.</procdesc><srcused Sync="TRUE">\\gis-cd\GISnew\GIS_SDE\VEC_01_18_07.mdb</srcused><date Sync="TRUE">20070323</date><time Sync="TRUE">17170900</time></procstep><procstep><procdesc Sync="TRUE">Dataset copied.</procdesc><srcused Sync="TRUE">\\gis-cd\GISnew\_GIS_DATA\Admin_Boundaries\CityLim\CityLimitHistory.mdb</srcused><date Sync="TRUE">20081021</date><time Sync="TRUE">10592100</time></procstep><procstep><procdesc Sync="TRUE">Dataset copied.</procdesc><srcused Sync="TRUE">\\gis-cd\GISnew\GIS_SDE\VEC_Editor.mdb</srcused><date Sync="TRUE">20081021</date><time Sync="TRUE">11172200</time></procstep><procstep><procdesc Sync="TRUE">Dataset copied.</procdesc><srcused Sync="TRUE">\\dcd-fs\GISnew\GIS_SDE\Last mdbs\CityLimitHistory.mdb</srcused><procdate Sync="TRUE">20180529</procdate><proctime Sync="TRUE">09485000</proctime></procstep></lineage></dataqual><dqInfo><dataLineage><statement>
12/08/2004   TIGER Census data with more precise Contra Costa County Boundary
01/18/2005   Contra Costa County boundary adjusted for accuracy - Chrs Howard</statement></dataLineage></dqInfo><VESTRA_custom><cstmTgInfo>This custom tags are created by Custom Metadata Wizard, Version 1.1, developed by VESTRA Resources, Inc.</cstmTgInfo><OrgMetadata></OrgMetadata></VESTRA_custom></metadata>
